{
  "spec": "arm3_main_exclude_Other",
  "N": 3025,
  "n_pilot1": 1608,
  "n_pilot2": 1417,
  "subjects7": [
    "Algebra",
    "Counting & Probability",
    "Geometry",
    "Intermediate Algebra",
    "Number Theory",
    "Prealgebra",
    "Precalculus"
  ],
  "K": 4,
  "S7": [
    [
      1.0,
      -0.4188285171985626,
      -0.06248241662979126,
      0.29108694195747375,
      0.048867955803871155,
      0.32980042695999146,
      0.13304416835308075
    ],
    [
      -0.4188285171985626,
      1.0,
      0.04360303655266762,
      -0.6569487452507019,
      0.44820186495780945,
      0.07439728081226349,
      -0.7283152341842651
    ],
    [
      -0.06248241662979126,
      0.04360303655266762,
      1.0,
      -0.1955615133047104,
      -0.1760990470647812,
      -0.08491599559783936,
      0.015733914449810982
    ],
    [
      0.29108694195747375,
      -0.6569487452507019,
      -0.1955615133047104,
      1.0,
      -0.2917272448539734,
      -0.4447857141494751,
      0.6664623618125916
    ],
    [
      0.048867955803871155,
      0.44820186495780945,
      -0.1760990470647812,
      -0.2917272448539734,
      1.0,
      0.12550194561481476,
      -0.6529041528701782
    ],
    [
      0.32980042695999146,
      0.07439728081226349,
      -0.08491599559783936,
      -0.4447857141494751,
      0.12550194561481476,
      1.0,
      -0.29349422454833984
    ],
    [
      0.13304416835308075,
      -0.7283152341842651,
      0.015733914449810982,
      0.6664623618125916,
      -0.6529041528701782,
      -0.29349422454833984,
      1.0
    ]
  ],
  "D7": [
    [
      0.0,
      1.4188284873962402,
      1.0624823570251465,
      0.7089130878448486,
      0.95113205909729,
      0.6701995730400085,
      0.8669558167457581
    ],
    [
      1.4188284873962402,
      0.0,
      0.9563969373703003,
      1.6569488048553467,
      0.5517981052398682,
      0.9256027340888977,
      1.7283152341842651
    ],
    [
      1.0624823570251465,
      0.9563969373703003,
      0.0,
      1.1955615282058716,
      1.1760990619659424,
      1.0849159955978394,
      0.9842661023139954
    ],
    [
      0.7089130878448486,
      1.6569488048553467,
      1.1955615282058716,
      0.0,
      1.2917273044586182,
      1.444785714149475,
      0.33353763818740845
    ],
    [
      0.95113205909729,
      0.5517981052398682,
      1.1760990619659424,
      1.2917273044586182,
      0.0,
      0.8744980692863464,
      1.6529041528701782
    ],
    [
      0.6701995730400085,
      0.9256027340888977,
      1.0849159955978394,
      1.444785714149475,
      0.8744980692863464,
      0.0,
      1.2934942245483398
    ],
    [
      0.8669558167457581,
      1.7283152341842651,
      0.9842661023139954,
      0.33353763818740845,
      1.6529041528701782,
      1.2934942245483398,
      0.0
    ]
  ],
  "S8_recompute_max_abs_diff_vs_saved": 0.0,
  "S7_slice_vs_recompute_max_abs_diff": 0.0,
  "difficulty_axis": {
    "D1": [
      1,
      2
    ],
    "D2": [
      3,
      4
    ],
    "D3": [
      5,
      6
    ],
    "D4": [
      7,
      8
    ]
  },
  "partition_average": {
    "3": [
      "Algebra",
      "Prealgebra"
    ],
    "2": [
      "Counting & Probability",
      "Number Theory"
    ],
    "4": [
      "Geometry"
    ],
    "1": [
      "Intermediate Algebra",
      "Precalculus"
    ]
  },
  "partition_complete": {
    "3": [
      "Algebra",
      "Prealgebra"
    ],
    "2": [
      "Counting & Probability",
      "Number Theory"
    ],
    "4": [
      "Geometry"
    ],
    "1": [
      "Intermediate Algebra",
      "Precalculus"
    ]
  },
  "partition_matches_target": true,
  "cophenetic_corr": {
    "average": 0.7201062056690359,
    "complete": 0.6968822778521125
  },
  "sigma_cluster_order": [
    1,
    4,
    2,
    3
  ],
  "sigma_cost": 3.1388083696365356,
  "sigma_mean": 1.046269456545512,
  "sigma_max": 1.0925976037979126,
  "rand_mean": 1.211546778678894,
  "headroom_mean": 0.1652773221333821,
  "inter_cluster_S": [
    [
      1.0,
      -0.7744840979576111,
      -0.26070037484169006,
      -0.0925976112484932
    ],
    [
      -0.7744840979576111,
      1.0,
      0.017442947253584862,
      -0.06365368515253067
    ],
    [
      -0.26070037484169006,
      0.017442947253584862,
      1.0,
      -0.09528687596321106
    ],
    [
      -0.0925976112484932,
      -0.06365368515253067,
      -0.09528687596321106,
      1.0
    ]
  ],
  "inter_cluster_order": [
    1,
    2,
    3,
    4
  ],
  "sigma_near_optimal": [
    {
      "cost": 3.170441508293152,
      "path": [
        1,
        4,
        3,
        2
      ]
    },
    {
      "cost": 3.3069111108779907,
      "path": [
        1,
        3,
        2,
        4
      ]
    },
    {
      "cost": 3.335855007171631,
      "path": [
        2,
        3,
        1,
        4
      ]
    }
  ],
  "stages": [
    {
      "stage_index": 0,
      "difficulty_cluster": "D1",
      "subject_cluster": 1,
      "subject_members": [
        "Intermediate Algebra",
        "Precalculus"
      ],
      "level_members": [
        1,
        2
      ]
    },
    {
      "stage_index": 1,
      "difficulty_cluster": "D1",
      "subject_cluster": 4,
      "subject_members": [
        "Geometry"
      ],
      "level_members": [
        1,
        2
      ]
    },
    {
      "stage_index": 2,
      "difficulty_cluster": "D1",
      "subject_cluster": 2,
      "subject_members": [
        "Counting & Probability",
        "Number Theory"
      ],
      "level_members": [
        1,
        2
      ]
    },
    {
      "stage_index": 3,
      "difficulty_cluster": "D1",
      "subject_cluster": 3,
      "subject_members": [
        "Algebra",
        "Prealgebra"
      ],
      "level_members": [
        1,
        2
      ]
    },
    {
      "stage_index": 4,
      "difficulty_cluster": "D2",
      "subject_cluster": 3,
      "subject_members": [
        "Algebra",
        "Prealgebra"
      ],
      "level_members": [
        3,
        4
      ]
    },
    {
      "stage_index": 5,
      "difficulty_cluster": "D2",
      "subject_cluster": 2,
      "subject_members": [
        "Counting & Probability",
        "Number Theory"
      ],
      "level_members": [
        3,
        4
      ]
    },
    {
      "stage_index": 6,
      "difficulty_cluster": "D2",
      "subject_cluster": 4,
      "subject_members": [
        "Geometry"
      ],
      "level_members": [
        3,
        4
      ]
    },
    {
      "stage_index": 7,
      "difficulty_cluster": "D2",
      "subject_cluster": 1,
      "subject_members": [
        "Intermediate Algebra",
        "Precalculus"
      ],
      "level_members": [
        3,
        4
      ]
    },
    {
      "stage_index": 8,
      "difficulty_cluster": "D3",
      "subject_cluster": 1,
      "subject_members": [
        "Intermediate Algebra",
        "Precalculus"
      ],
      "level_members": [
        5,
        6
      ]
    },
    {
      "stage_index": 9,
      "difficulty_cluster": "D3",
      "subject_cluster": 4,
      "subject_members": [
        "Geometry"
      ],
      "level_members": [
        5,
        6
      ]
    },
    {
      "stage_index": 10,
      "difficulty_cluster": "D3",
      "subject_cluster": 2,
      "subject_members": [
        "Counting & Probability",
        "Number Theory"
      ],
      "level_members": [
        5,
        6
      ]
    },
    {
      "stage_index": 11,
      "difficulty_cluster": "D3",
      "subject_cluster": 3,
      "subject_members": [
        "Algebra",
        "Prealgebra"
      ],
      "level_members": [
        5,
        6
      ]
    },
    {
      "stage_index": 12,
      "difficulty_cluster": "D4",
      "subject_cluster": 3,
      "subject_members": [
        "Algebra",
        "Prealgebra"
      ],
      "level_members": [
        7,
        8
      ]
    },
    {
      "stage_index": 13,
      "difficulty_cluster": "D4",
      "subject_cluster": 2,