{
  "kruskal_H": 110.70470379869779,
  "kruskal_p": 6.557537279558205e-21,
  "anova_F": 16.380802502786295,
  "anova_p": 2.6084377594583834e-21,
  "eta_squared": 0.03661489811620668,
  "rho_level_genlen": 0.7088162487836113
}