{
  "mid_L11-15": {
    "mantel_meandist": {
      "r": 0.009359546402419306,
      "p": 0.9433
    },
    "mantel_wass": {
      "r": 0.035679001017044,
      "p": 0.7947
    },
    "mantel_meandist_noOther": {
      "r": -0.08310709141500494,
      "p": 0.5231
    }
  },
  "layeravg": {
    "mantel_meandist": {
      "r": 0.02683777221317739,
      "p": 0.8186
    },
    "mantel_wass": {
      "r": 0.05751110496186678,
      "p": 0.6241
    },
    "mantel_meandist_noOther": {
      "r": -0.06350554012359018,
      "p": 0.5844
    }
  }
}